{
    "RLSheep": {
        "checkpoints": [
            {
                "steps": 32499996,
                "file_path": "results\\sheeptest12\\RLSheep\\RLSheep-32499996.onnx",
                "reward": null,
                "creation_time": 1756039726.4166741,
                "auxillary_file_paths": [
                    "results\\sheeptest12\\RLSheep\\RLSheep-32499996.pt"
                ]
            },
            {
                "steps": 32999950,
                "file_path": "results\\sheeptest12\\RLSheep\\RLSheep-32999950.onnx",
                "reward": 387.4051284790039,
                "creation_time": 1756040529.4684353,
                "auxillary_file_paths": [
                    "results\\sheeptest12\\RLSheep\\RLSheep-32999950.pt"
                ]
            },
            {
                "steps": 33499979,
                "file_path": "results\\sheeptest12\\RLSheep\\RLSheep-33499979.onnx",
                "reward": 271.6255812168121,
                "creation_time": 1756041373.124155,
                "auxillary_file_paths": [
                    "results\\sheeptest12\\RLSheep\\RLSheep-33499979.pt"
                ]
            },
            {
                "steps": 33999963,
                "file_path": "results\\sheeptest12\\RLSheep\\RLSheep-33999963.onnx",
                "reward": null,
                "creation_time": 1756042237.195537,
                "auxillary_file_paths": [
                    "results\\sheeptest12\\RLSheep\\RLSheep-33999963.pt"
                ]
            },
            {
                "steps": 34193150,
                "file_path": "results\\sheeptest12\\RLSheep\\RLSheep-34193150.onnx",
                "reward": null,
                "creation_time": 1756042665.508182,
                "auxillary_file_paths": [
                    "results\\sheeptest12\\RLSheep\\RLSheep-34193150.pt"
                ]
            }
        ],
        "final_checkpoint": {
            "steps": 34193150,
            "file_path": "results\\sheeptest12\\RLSheep.onnx",
            "reward": null,
            "creation_time": 1756042665.508182,
            "auxillary_file_paths": [
                "results\\sheeptest12\\RLSheep\\RLSheep-34193150.pt"
            ]
        }
    },
    "metadata": {
        "stats_format_version": "0.3.0",
        "mlagents_version": "1.1.0",
        "torch_version": "2.2.2+cu121"
    }
}